{
    "predictions_test/bleu": 3.2116103490690437,
    "predictions_test/rouge": 0.14650892678804633
}