{
    "predictions_test/bleu": 18.132325617432443,
    "predictions_test/rouge": 0.36260208653008463
}