{
    "predictions_test/bleu": 4.198470815034007,
    "predictions_test/rouge": 0.19202287966322645
}