{
    "predictions_test/bleu": 27.1589151937972,
    "predictions_test/rouge": 0.5200812477658994
}