{
    "predictions_test/bleu": 23.464623811875132,
    "predictions_test/rouge": 0.49807469809730953
}