{
    "predictions_test/bleu": 6.443560779114324,
    "predictions_test/rouge": 0.22238864552423038
}