{
    "predictions_test/bleu": 2.465161783268609,
    "predictions_test/rouge": 0.12019827433461419
}