{
    "predictions_test/bleu": 7.839179060592508,
    "predictions_test/rouge": 0.27801670621049157
}