{
    "predictions_test/bleu": 3.0313326037993127,
    "predictions_test/rouge": 0.19744642925054656
}