{
    "predictions_test/bleu": 7.464660099977394,
    "predictions_test/rouge": 0.269897362888507
}