{
    "predictions_test/bleu": 7.261216245264833,
    "predictions_test/rouge": 0.25239378315817845
}