{
    "predictions_test/bleu": 0.1864703324615082,
    "predictions_test/rouge": 0.017873241302686263
}