{
    "predictions_test/bleu": 4.6575592369694405,
    "predictions_test/rouge": 0.2065520937120992
}