{
    "predictions_test/bleu": 8.653789547621091,
    "predictions_test/rouge": 0.2591238520694302
}