{
    "predictions_test/bleu": 3.866030240208473,
    "predictions_test/rouge": 0.1836746819751612
}