{
    "predictions_test/bleu": 9.67539567504701,
    "predictions_test/rouge": 0.29987240972801726
}