{
    "predictions_test/bleu": 10.596793857468604,
    "predictions_test/rouge": 0.3199910165506764
}