{
    "predictions_test_clickbait_prompt_flor/bleu": 0.02308224543743248,
    "predictions_test_clickbait_prompt_flor/rouge": 0.010754018512744818
}