{
    "predictions_test/bleu": 6.9243196787756025,
    "predictions_test/rouge": 0.25308964966700054
}