{
    "predictions_test/bleu": 6.021627567014899,
    "predictions_test/rouge": 0.23875231743476383
}