{
    "predictions_test/bleu": 4.103297316922808,
    "predictions_test/rouge": 0.21337314808037383
}