{
    "predictions_test/bleu": 0.0732318976797959,
    "predictions_test/rouge": 0.009221431402238854
}