{
    "predictions_test/bleu": 8.226899936053163,
    "predictions_test/rouge": 0.2748274306854229
}