{
    "predictions_test/bleu": 6.731376230997165,
    "predictions_test/rouge": 0.23501640999224793
}