{
    "predictions_test/bleu": 8.79183348350186,
    "predictions_test/rouge": 0.26325405862936946
}