{
    "predictions_test/bleu": 5.618216229339019,
    "predictions_test/rouge": 0.22037959396667217
}