{
    "predictions_test/bleu": 3.2263357219365316,
    "predictions_test/rouge": 0.15641886381940273
}