{
    "predictions_test/bleu": 11.229437267483766,
    "predictions_test/rouge": 0.28421384337327255
}