{
    "predictions_test/bleu": 28.992185039428627,
    "predictions_test/rouge": 0.5642653182684618
}