{
    "predictions_test/bleu": 5.2347196989380205,
    "predictions_test/rouge": 0.23273447732009564
}