{
    "predictions_test/bleu": 9.455582073018372,
    "predictions_test/rouge": 0.28639729681680814
}