{
    "predictions_test/bleu": 9.891083512967144,
    "predictions_test/rouge": 0.2909392955286805
}