{
    "predictions_test/bleu": 0.7470357811042516,
    "predictions_test/rouge": 0.03838412714700324
}