{
    "predictions_test/bleu": 1.0935791792736755,
    "predictions_test/rouge": 0.07216146630419129
}